text,label
"YSK that doing this the other way around in winter times, placing a hot water bottle in the crotch area can cause a skin condition called Erythema ab igne",tip
"TIL, thank you. I have frequent cramps / stomach aches and our heating was out, spent almost the whole winter with an electric heating pad on my stomach. Wondered about those spots that didn‘t go away. dang",personal_experience
They should go away by themselves eventually if you stop exposing them to continuous heat,tip
"Absolutely! I‘ve stopped exposure maybe 2 months ago and it‘s faded significantly already. I‘d assumed it was just hyperpigmentation and wasn‘t too worried, still always interested in learning about the specific phenomenon.",personal_experience
"it can very rarely cause skin cancer so it's definitely something to avoid if you can. if you (or anyone else) needs to continually use heating pads/bottles, i recommend putting an extra layer between yourself + heating source + using the heating pad on the lowest setting. that seems to keep mine at bay while allowing me to use heating pads.",tip
Heating pads are great. When I worked a very physical job that and a massage gun were my two girlfriends. I remember living way up north and sleeping at my buddy’s house. He had an electric blanket. Lord was that nice! And such a cheap way to sleep in the warmth.,personal_experience
I can't sleep when I'm cold and my husband can't sleep when he's hot. After fighting about our bedroom temp for years he got me an electrical heating pad for my side of the bed. Now we both sleep like shit because we have a baby.,joke
That twist was hilarious. I recently bought a heated blanket for my wife but it wasn't cold enough to use it yet. And she is pregnant.... xD,joke
I had more personal space sleeping alone in a single bed versus now with my wife in a king size.,joke
"Erythema ab igne (Latin for 'redness from fire'), or EAI, also known as hot water bottle rash[2] or toasted skin syndrome Toasted lmao.",joke
"Further evidence of my rule: every medical condition is what you already knew, but in latin.",joke
"Now, scientists call this disease Bromhidrosis, but us regular folks who might wear tennis shoes or an occasional python boot, know this exquisite little inconvenience by the name of Stink foot!",joke
Slow way: wait for the next full moon then present them with three pebbles from a nearby stream Fast way: preheat the oven to 430F,joke
"erythema-ab-igne I thought that was a typo or a joke, but it's not. Thanks for the info.",personal_experience
"Some of them want to use you, some of them want to be used by you.",joke
"A lot of girls get this problem on their stomachs because of hot water bottles and heating pads placed there during periods and cramps. But in the moment, the posibility of spots feels like a way better option than having to deal with the pain",tip
"It's definitely true. People with painful health conditions have these really bad, like myself. I have Interstitial cystitis and pelvic congestion; and sometimes the only way I can go to sleep if with a heating pad on my urethra/bladder area. Happens with endometriosis too.",personal_experience
"I’d like to add that you should leave some room in the water bottle ( don’t fill to top) or it could explode, either in the freezer or between zee legs…personal experience from hurricane prep gone wrong!",personal_experience
I also like wetting a rag with cold water and hang it around my neck.,tip
"This is the way. Soak a dish cloth under the cold tap, throw it in the freezer for 10-15 minutes, hang it around your neck. Immediately cools you off.",tip
"I recently tried a neck fan and it feels amazing, as someone who lives in a humid area. Cools me off better than the AC.",personal_experience
I did too. Didn’t do much other than blow hot humid air at me. Evaporative cooling didn’t work very well when the air is close to saturated.,personal_experience
"The point of what I'm sharing here isn't evaporative cooling, though. It's the fact that a wet, half-frozen rag is going to have a really high thermal capacity before hitting room temperature, which in turn is going to cool the blood going via your neck arteries down. The location matters because your brain is the single part of your body that generates the most heat at rest, so cooling down the blood going from there is going to help quite a lot.",tip
Wet bulb temperature is a legitimate concern but that's a reality of physics and climate change that no amount of life hacks will solve.,tip
I knew a guy who cut a hole in a towl so he could keep it in the freezer and then wear it like a cold poncho when it was hot.,personal_experience
"I once moved out of an apartment when it was 89°F and 95% humid, literally mopping my sweat into the floor, I kept damp towels in the fridge to cool off with. Bliss.",personal_experience
I remember moving into an apartment with my father helping me assemble the bed. We kept dropping the screws because we were so sweaty. And that’s how I got the first window AC unit of my life.,personal_experience
I run cold water on my wrists to cool down. It works so well,tip
"The real move is wetting a rag, tossing it in the freezer, then cracking the thing around your neck! Did this working in kitchens in my 20s",tip
"I heard that this was a bad idea if you are outdoors and active. The cold rag on the neck tricks your body into thinking it is cooler than it really is, so your sweat response doesn't kick in as much and you can end up heat exhausted.",tip
"If it be not a gooch, then surely ’tis a cooch",joke
"😂😂 ah fair, I love the idea of you being left with the impression that OP is telling people to put big ice cubes up themselves when it's hot",joke
"if anyone's desperate enough to try this, put them in a condom or plastic baggie first. please dont ask me how I know. but yeah once they start melting, which is immediately, its nearly impossible to either push them out or grab them with your hands, no matter which hole youre using down there. I am not accepting further questions at this time. thank you.",joke
Cooch is vagina. Gooch is taint. Easy to confuse.,tip
"I would run a fan pointing at my feet and up the length of my body, with a damp towel as a blanket (wrung out just to the point it wasn't dripping). The forcing evaporation does a good job of cooling you down. Source: grew up in some old houses in Qld and Sth Australian summers.",personal_experience
You can also put a bowl of ice in front of a fan.,tip
"Bowl is most likely blocking air flow or not cold enough. If the bowl needs some water to make the whole thing super cold to the touch, do that with plenty of ice. Or if you have a short bowl that allows air to hit the ice and flow past and still hit you/ your area, that should also work. Since OP didn’t follow up for you",tip
"someone needs to make a YSK post that says ""YSK: ice cubes in front of a fan wont cool someone off nearly as quickly or efficiently as a frozen water bottle placed between ones thighs.""",joke
During a heatwave a few years ago I sewed a bunch of pockets into a walmart basic t shirt and put ice packs in the pockets. It was heaven.,personal_experience
"Genius! For anyone not great with needle and thread: Running clothes offer options for hot weather with a lot of pockets. I won‘t judge anyone wearing them without running lol There‘s even specific ice(pack)-holding bandanas for around your neck. Highly recommend. ETA: you can very very easily DIY the latter, see steps here. Just sub for an ice pack if you‘re in an environment where you don‘t want water running down your back lol",tip
The DIY version of the ice packs Formula 1 drivers sometimes wear. Love it!,tip
And furries. The guy who developed a suit for them was contracted for the military.,joke
Pro Level: Insert the cotton-sleeved and frosty dildo directly into anus,joke
This is the real trick; instant relief where you feel the cool blood circulating back up into your chest that doesn’t require any prep time or need you to carry a soggy towel around your neck,tip
"If your blood got cold because your hands are cold, people wouldn't be able to go outside in the winter without immediately dying of hypothermia. Your core temperature only needs to drop 2° before its incredibly dangerous. The body uses countercurrent exchange to make sure that doesn't happen.",tip
I did that so many times when I was walking in Rome for 10 hours a day in August. Almost instant relief,personal_experience
Lol. This made me laugh harder than id like to admit.,joke
Moist gooch in the summer is amazing. It's a delicacy where I come from. 😋,joke
"We always did this, but with a little more: water bottle/ice pack place in a plastic sandwich baggie wrap in a towel It doesn't prevent entire wetness, it reduces it - but it's glorious to be able to stay cool.",personal_experience
"I was able to survive missouri heatwaves in an upstairs apartment with no air conditioning by freezing 2 liter soda bottles, wrapping them in a towel, and hugging them at night. One inbetween my legs and one hugged close. It was the only way to survive potential heat stroke.",personal_experience
"When my daughter graduated out of the dorms in college she lived in a hundred year old house with a bunch of her friends. No AC. I took a cheap ice chest and drilled two holes in the top. Ran two pieces of plastic tubing down inside. Put a submersible pump inside. Hooked one tube to the pump, the other was simply a return line. Plastic tube goes up to an aluminum coil zip tied to the back of a box fan. Load the ice chest with frozen bottles of Dasani or arrowhead or whatever and enough water to cover the bottles. Ice cold water gets pumped through the tube - air drawn against coil cools, water goes back to ice chest slightly warmer than when it came out. In a 12 foot by 12 foot room, it would drop the temperature 10-15 degrees and last the entire night. Water bottles go back into freezer to be refrozen for the following night. Total cost was around $50-60 bucks.",personal_experience
It works so well I cought a cold once falling asleep with one. Bonus tip coca cola bottle or alike have a curve that hugs the inner thighs nicely. For night time I advise a smaller bottle like a 50cl. It will not annoy you as much and won't last as long so yu don't end up like me when I made myself sick by accident. During the day at the office at home etc. You can place a big one easily on your chair close to your crutch as much as possible. Thanks physics!,personal_experience
"So, fun fact, there's very good reasons why you shouldn't do this or why you should at least be very careful when you do. I grew up in Los Angeles where it gets and stays very hot for a long period of time. For years my go-to method for sleeping was wrapping a frozen two liter bottle in a pillow case and putting it up against my chest. It worked really well...until I started having problems with my stomach. To make a long story short, the frozen water bottle would slip down during the night or just in the course of moving around and ended up resting against my stomach. The cold damaged the nerves in my stomach and gave me gastroparesis. This got worse and worse without my realizing it until I ended up with SIBO and ended up throwing up virtually everything I ate, losing 50lbs over the course of three months. It took two years (and some extremely expensive antibiotics) to get everything under control and I'll now have to be on medication to make my stomach function properly for the rest of my life and I still can't eat very much in a sitting. Prolonged contact with cold/ice on any part of your body can cause some serious problems, some of which aren't easy to detect right away. I fully understand the desire to do this, when it's 89 degrees at 2am in your bedroom and you're thinking of setting yourself on fire to cool off, I get it. But even putting barriers between you and the cold, prolonged contact can still present a risk. I would encourage people not to do this and to find alternate ways of cooling down - sleeping with a fan on you, lighter clothes, cooling mattress toppers, cooling cloths, etc. Something that worked shockingly well for me was sleeping in a hammock. I understand it's a radical move and it's not exactly a shareable set up but I ended up sleeping in a hammock for a number of years because I literally couldn't afford a bed. The hammock was made of thin nylon and it acted like a cooling sheet to where I put a fan under me and I was shivering within a few minutes it pulled heat away from my body so fast. Again, I recognize this isn't practical for everyone. EDIT: Because I've received several comments saying this is impossible, let me address them. ""The nerves that cause gastroparesis are too deep to be impacted by ice!"" I mean they're pretty clearly not. There's no other reason I would have had it and, to this day, if I consume something cold my stomach crunches up. This was confirmed by several doctors as the likely cause of the original symptoms. I'll defer to multiple doctors who did a range of tests and are familiar with my case and medical history rather than randos on the internet. Ice against your gut will, over time, cause nerve damage and that nerve damage manifests as gastroparesis. ""You shouldn't have gotten SIBO from that!"" SIBO is a potential complication from gastroparesis. Bacteria stays in your system longer and is able to out-compete your native gut flora rather than being flushed through your system. This is a known thing. Additionally, changing the temperature in your gut can influence the kind of bacteria that thrive there and placing an icepack next to it for long periods of time is a good way to do that. ""Ice would have caused more damage than that!"" I did say ""long story short"" but yes I do have a rather wide part of my abdomen that doesn't grow hair anymore and is more insensitive to pain, likely because of nerve damage due to prolonged exposure to cold. ""OP isn't talking about using ice for years!"" No, not explicitly but these are habits that get adopted and reused over years because they work. I slept cooler, I didn't overheat. It just caused me more problems down the road. The reason I'm sharing this at all is because I want to caution people to be careful about doing things like this.",personal_experience
"I do not care, I am literally evaporating and I will do anything to get out of this situation, including sending my genitals to the quantum realm.",joke
Cold water poured over your wrist has the same cooling properties. I do it pretty frequently when working construction in the brutal southern summer heat.,tip
"As someone who has done search and rescue for years (but has admittedly never had to use this), our training recommends the following for treating someone in an emergency with heat exhaustion: Get them to a shaded place, remove their footwear and socks, get two of those ice packs with the bubble you pop and mix up (they're in most first-aid kits), put them in the socks, and place them under the armpits. For the same reason OP mentioned with the groin area, there is a LOT of heat and blood circulation that goes on beneath the armpits; so it is a spot that will help cool the patient the fastest.",tip
"When I was in hospital suffering from a prolonged high fever (and associated side effects), my care team did this to me. Told me it would feel uncomfortable but explained they had to cool me down or else. Almost 20 years ago now— and I’m alive because of some ice packs to the groin and pits. 🤷‍♀️",personal_experience
"other good places to put ice packs for rapid cooling are the neck, wrists, and feet. be careful with this! and iirc, if youve got heat stroke, cooling down too fast is one of the worse things you can do, so be careful with that too. EDIT: nvm about that last part, I must've misremembered!",tip
"Well, I grew up in Australia, where summer was often 35C C for a week at a time. No a/c, not even a fan. At the time, I would have tried anything to cool down. Usually it was a hot (NOT cold) shower, cold bath, or flaking out on the the bathroom floor. Very hard to sleep. Was based in Malaysia and Singapore for 14 months (1969-70) Only cooling was a large ceiling fan in the large room I shared with 5 other blokes. Temp was a constant 35C . Humidity was from 84 to 95% To cope, we slowed down by about 1/3 and stayed out of the sun if possible. We would only go out at night, Took me about 6 weeks to acclimatise, then I loved it.. Took me three years to reacclimatise once I returned to Australia Today, the the temperature here in Adelaide can reach 40 C for a week at a time in Summer, hovering around 35C for the rest of the time. Today I'm retired, so just stay home when it's hot. I thank hat gods there may be for split system air conditioning. Winter isn't meant to begin here until 1 June. However, it has rained every day for the last week, and the temperature has been between 9-12 degrees . Currently, it's a crisp 12 degrees and seems to have stopped raining---and I'm out of coffee.",personal_experience
I feel any place in the body where the blood flows closest to the surface of the skin is possibly a good spot for a cooling implement .,tip
"Another tip I found out while not having AC: When it is cooler outside than inside, point your fan TOWARDS your open window. It forces the hot air out, and negative pressure will let cooler outside air in !",tip
"Crotch, back of the neck, armpits and knee pits are all areas that provide a similar effect!",tip
Running cold water over your wrists is also a quick way to cool your body.,tip
"We do this to cool people in the ICU too. Neck, pits, groin. Wherever major arteries pass close to the surface of the skin. Post-heart attack and extreme fevers.",tip
The best option is actually to go buy an a/c unit.,tip
"Begging you to stop saying ""gooch"". You can use adult words.",joke
You can also take sips as the gooch juice slowly melts!,joke
I put it in my shirt much more comfortable,tip
If you want even better cooling just put a frozen water bottle in your butthole!,joke
This works great for road trips and long meetings.,tip
"Works for me if I put it around the kidney area too. Or I get one of the pet cooling mats, stick it in the freezer for a bit and then lay on that.",tip
Wet towel and a small battery powered USB fan and you'll literally get the shivers from being so cold.,tip
"If you are on the go, you can also put one in your pocket. The hip area isn't as effective as the gooch area but it can help if you aren't able to sit with a frozen water bottle. Extra plus, if youre working outside, as the water bottle melts, youve got cold water on the go! Its a trick my mother used to use while working security. She'd have one in each pocket.",tip
"our former pastor had a belt that wrapped around his waist that had pouches over the kidneys for cold packs, same purpose in theory for working in the texas heat",personal_experience
Also. Plant trees outside your house to give shade. It will take years to be effective but it is absolutely effective.,tip
"That doesn’t work as well (esp wet clothes) if the humidity is high. Cold showers/wet clothes works great in a dry heat, I’ll do similar before a hike in the desert.",tip
The real life pro tip is putting a dildo in the freezer.,joke
"You know, you could just put a bucket of water in front of a fan. Evaporative cooling works if the ambient humidity level isn’t excessive.",tip
"Similarly, cool your feet and hands as these will regulate your body temperature more effectively than anything else. This is especially true for managing a fever. Never cool the head, as this tricks the body into thinking it has reduced overall body temperature.",tip
"My go to is to get a t shirt wet and put it on, it’s free air conditioning!",tip
I like putting my feet in a tub of cold water-or my whole self. It works quite well and uses no a/c.,tip
Use an ordinary hot water bottle rather than a drinking bottle - or two - I like one for my feet and one between my legs. I can't stand the noise of AC. I always pack a hot water bottle when I go on holiday and keep it in the mini-fridge during the day.,tip
"If you can just leave your feet in cold water, like a foot bath with some ice in it; it also does a fantastic job.",tip
lol I don’t know if this is a serious post or not but the gooch cooler is killing me.,joke
"To add to this, at night get a big bag of ice from the market or liquor store or gas station, tie it in a plastic trash bag, wrap it in a towel, that is your body pillow for the night.",tip
"Don't forget that natural fibres cool you by evaporation. Linen is built in air conditioning. It wicks sweat and cools the body. Source: viking living history. A linen full dress is cooler than shorts and tank top. Plus, sun protection.",tip
My colleagues watching me putting an ice bottled sock up my legs,joke
I can't believe you be out here givin away my secrets.,joke
Back in the old days… we would take our sheet and soak it in cold water. Wring it out so it’s not dripping and sleep with the sheet on top. Works wonders,personal_experience
"I think mostly what you want to do if you don't have AC is circulate air, so use a fan.",tip
You can also fill a bathtub with cool water as another way to cool down. You can lounge in it for hours.,tip
"Frozen towels! In the morning, wet a face towel, roll it up, put it in a plastic bag and into a freezer. When it gets hot, take the frozen towel out and wrap it around your neck. I usually have two towels so that while one is cooling my neck, the other is in the freezer.",tip
I used to put a bed sheet in our fridge and then wrap up in it for a quick reprieve. Never lasted long but better than nothing when you have no AC in the FL panhandle in the summer.,personal_experience
Gooch popsicles not on my bingo card for this year…,joke
"Also stick it in your armpit. I usually rewarmed phones that got too cold in my armpit (so cold that they stopped charging or even powered down entirely) The heat transfer is incredible, it’s so cold.",tip
"Alternatively, grow elephant ears. Its said they have the best heat transfer system in the animal kingdom. 🙂",joke
"I did this one time. I put a few cold bottles in my groin and under my armpits. Then I came down with the worst cold of my entire life! It could've been coincidental, but it was enough to make me never try it again.",personal_experience
"Thank you for specifying ""gooch"". I never would have known what you meant by ""groin""",joke
Your post reads hilariously as someone who has a vulva. Armpit less intrusive indeed.,joke
"I freeze a hot water bottle, put it in a pillow case, and sleep with it. For some reason people just don't want to try it when I suggest it. 🤷",tip
"The gotcha or perinium is not where major arterties/veins are located. You'd want the frozen bottle of water or ice pack on your femoral arteries and veins. So, yes, it can be in your groin area, but more the crease of thigh. Wrists, sides of your neck and armpits do work as well. Link for reference https://medizzy.com/feed/2722911",tip
Bottle of ice on my gooch rn. I thank you from the depths of my heart!,personal_experience
i like to splash some cold water on my shirt and then put it on or have a small foot bath :-),tip
"Your palms, feet and cheeks actually have larger blood vessels that are better for that.",tip
"TIL in your armpits are more intrusive than in your ""gooch"".",joke
"Feet and hands. Put your feet on a cooling pack, your whole body will cool down.",tip
I’ve been told never use an ice pack (wrapped in cloth) for more than 20 mins cos it can cause frostbite. I’d be pretty worried about doing this when you’re going to sleep.,tip
Wrists and top of your feet work well also!! Tons of blood close to the surface that you can cool rapidly,tip
What if I stick the bottle in my ass,joke
A cold pack wrapped in a cloth and put on back of head (I use a sun hat to hold it in place) while working in the garden,tip
Cold showers + Drink cold beverages works for me 👍,tip
Make sure to rinse the gooch sweat before refreezing it,joke
This also works for keeping warm on cold nights with no heat. Boil water and put it in a hot water bottle or Nalgene bottle and put that in your leg fold (outside your clothes to prevent burning) against the femoral artery and it’ll warm your blood and body.,tip
yes!! also putting one of those gel ice packs between your wrists if you’re a side sleeper works a treat too,tip
In extreamly hot weather or when you have a temp..Wet a cold towel..apply to the inside of you wrists..lengthways. This cools the blood running in your vains which are close to the surface near your wrists…cools you from the inside,tip
Heard of an idea of surrounding your house with clay tubes full of water. But no one made a startup yet.,tip
You should cross post this in the India subreddits,tip
"Back when I was going to raves every week, I helped out some random person who was rolling and clearly overheating. I asked vendors for some ice and plastic bags, and I asked his girlfriend to place it in his groin area, while I and some of his friends placed ice under his armpits and under his wrists. He recovered fairly quickly.",personal_experience
"I so this too but switch between groin, armpits and neck.",tip
Something cold in palm of hand is effective as well.,tip
Great tips will make a note of these. Also TIL about GOOCH,personal_experience
"This 100% works, been doing it since last year",personal_experience
Damn I wish I knew this when I used to work from home in my ac free apartment during the summer. I always used my hot water bag in the wont but didn’t think about the reverse in the summer haha.,personal_experience
"If you have one of those old fridges that blows hot air out a vent at the bottom, put shallow bowls of ice in front of it. The hot air will melt the ice, lowering the ambient temperature in the room. If you have enough ice, leaving small bowls of it with a bit of water in it in various hot areas of the house can reduce the temperature slightly as the ice absorbs heat from the air in order to melt.",tip
The people over at r/biohacking also like this trick for entirely different reasons lol.,joke
"We used to rotate tshirts in the freezer, putting on a crispy cold t shirt in a heatwave is amazing",personal_experience
"Opening a window and the door and point a fan out the door leads to all the hot air rushing out of the room, better than pointing a fan at yourself. Note that this only works in the evenings and early morning.",tip
"Don't move,fan right on ya. If billions did before AC was huge in like 1953...you can do it!",tip
"I dont think I should walk around d in public like this, but thanks all the same.",joke
"Putting Mylar emergency blankets over your window when the sun is on them, shinier side out, can make a 5 degree difference. You can still see out just fine. I clip them to the back of the curtains when it's gets toward 95, so my portable AC can keep it under 80.",tip
"The condensation will make it look like you peed yourself. Wrists, elbows, armpits, and knees are better spots.",tip
"My dad had a girlfriend (wonderful woman) who worked in hospice; they used a spray bottle (think a window cleaner bottle... but obviously you probably shouldn't use that) to keep patients comfortable if it got too hot. Works like a charm, and I guess it had to be practical (little-to-no cleanup), because it doesn't make a gigantic sopping mess either.",personal_experience
"We did this when we were traveling across country without AC. We would drink the bottles as they melted to stay hydrated, and we would freeze new ones at the hotel at night. You can also use the freezer packs for lunch bags.",personal_experience
Just ticking it under your arms would be just as effective because the cooling simply radiants through your muscles and fluids all the same.,tip
"I asked a doctor I see regularly and he said this is not to be done for an extended period. Even wrapped in a cloth, keeping an ice bottle between your legs too long can still cause cold injury, numbness, or skin and nerve damage; most guidance limits icing to about 10–20 minutes at a time with breaks in between. A safer approach: Use a cloth barrier between the ice bottle and skin. Limit each session to 10–15 minutes, up to 20 minutes max. Check the skin often for whitening, redness, pain, or numbness. Never fall asleep with it in place. Avoid it if you have poor circulation, reduced sensation, or an open wound.",tip
I feel like this is sponsored by an urologist,joke
"The best thing about this tip. If somebody tries to grab it from you, all they get is a sock!",joke
"Here's another good one, House-Wide Swamp Cooler Fill a bath with cold water, the colder the better but pipe cooled is usually good enough. Place fan next to tub blowing out of bathroom. Keep all windows, blinds and shades closed. Close off unused rooms or areas of the house. Change water whenever it gets to room temperature or you feel hot. Profit. Variations: fill tub with ice, put your furnace on vent only to get full home circulation without a seperate fan. I've survived 90+ heat with this method every summer for the last 5 years. House barely breaks 70.",tip
I did this with a frozen gallon jug when I lived in a second floor flat with no AC. Wrapped in a towel and hugged it. Genuinely effective way of cooling enough to get some sleep.,personal_experience
I work outside and it frequently gets above 105f in my area in the summer. I keep a 5 gallon container of water in the back of my truck and wet down my shirt and a neck gaiter. Learned it from the Kangaroos in the Planet Earth series,personal_experience
"I do this with freeze pops until they're half melted, and then I have a treat😋",personal_experience
This is retard tastic. You assume people in a heatwave have electricity. If they did they'd have freezers and AC.,joke
"I've lived in mid-Mississippi, near the delta. Not in poverty but a huge cheap ass. Wouldn't run the AC, no cable TV. I would open the window, run a strong fan from the window, and drink ice water occasionally to stay cool. Many people I knew ran ""attic fans"" that would cool the house an easy 10 degrees. I don't care how poor I am, I would buy and run a window AC unit before I felt the need to resort to a ""gooch cooler."" This is the dumbest shit I've ever heard.",personal_experience
Euh isn't that just gonna freeze your groin area...,joke
"Here's a trick I learned a few summers ago. My 2 year old AC unit's coil went kaput. It's a manufacture to order part. 21 days without AC in August. Wasn't too, too bad. But it was still uncomfortably warm at night and made good sleep difficult. So, I would freeze a bowl of water and then put it in front of a fan and pointed it at my bed. I'd get about a good 2-3 hours of cool air.",personal_experience
NJ with apartment without ac this is needed . I think it should be mandated by law the landlord provides a window unit for bedroom,personal_experience
"32 ° thats not a heatwave , come downunder and get a taste of 34° to 45 ° if not hotter in some areas . Enjoy the cool fall temps, heat is on the way !",joke
"This is kinda similar to something we used to do when we needed to cool down in our firefighting gear on ship. You didnt have much place where exposed skin could cool off so we used to dunk our hands and wrists into buckets of cold water. Its surprising how much heat can be drained like that. Anyway, thanks for the tip OP",personal_experience
"The fact that this has over 10k upvotes tells you everything you need to know about reddit. 10k upvotes for ""ice is cold. Ice can cool you."" Were so fucking doomed.",joke
"Here in Florida when our air conditioner breaks or we have a prolonged power outage from a storm, jumping in front of a moving bus or train can also bring relief.",joke
"Ahh yes, the 'ol Gooch cooler method, I myself have employed it extensively throughout the years.",joke
I like this idea. I drive a forklift in a warehouse. Might try that out,personal_experience
Dang I wish I'd known about this during hurricane Ida! Definitely gonna file this one away.,personal_experience
I usually put menthol ointment on the back of my ears and wrists to cool down. I figured I can use that on my gooch instead.... until I found out what it meant...,joke
Are you happy to see me or is that a water bottle between your legs,joke
I recently discovered that my ice cap against migraines is also pretty nice when I can't sleep at night because it's too hot.,personal_experience
Appreciate the tip. Though I find it funny how you’ve stated the armpit is more intrusive than between my legs. I’m certain it’s the other way around!,joke
"Years ago I was in the hospital for several days with an incredibly high fever. Eventually to break it, they brought bags of ice in and placed them on my crotch, in my pits and under my knees and wrists. I'd run so hot that after an hour all the ice had melted and I asked for more. The nurse was surprised because most people complain about the ice... Not me! I was ever so great to finally feel relief!",personal_experience
No wonder it feels good to put a cold pillow there.,joke
then you can use any left over ice to make a Dirty Martini,joke
"When I was in a tiny heat box apartment one summer, my solution was: styrofoam cooler, two 2 litter bottles filled wirh water, and frozen, and 2 cheap usb fans. I had Six 2 liter bottles, and rotated out.",personal_experience
YSK: Licking your students to cool them down is frowned upon.,joke
"I spent one July sleeping with a frozen rice sock under my knees and it made my attic bedroom feel survivable.",personal_experience
"During a blackout I rotated two damp bandanas from the cooler and wore one around my neck while the other chilled.",personal_experience
"My old apartment faced west so I used to eat dinner with my feet in a mixing bowl of cold water.",personal_experience
"I learned the hard way that a bare ice pack on skin is too much after I gave myself a numb red patch during finals week.",personal_experience
"When I worked the county fair booth I kept a frozen bottle in each apron pocket and swapped them out between rushes.",personal_experience
"My grandmother froze pillowcases for us before bedtime and for ten glorious minutes we felt like royalty.",personal_experience
"I once survived a broken AC weekend by turning a laundry basket into a fan stand and pointing it at a tray of ice.",personal_experience
"On road trips through Arizona I kept a cooler of wet washcloths and passed them around like tiny air conditioners.",personal_experience
"I used to bike commute with a frozen hydration bladder against my back and arrived almost cheerful.",personal_experience
"My roommate and I made a schedule for freezer space because our ice bottles were more important than groceries that week.",personal_experience
"After mowing lawns all summer I started keeping a cold coin roll in my palm and it helped more than I expected.",personal_experience
"I slept on a bamboo mat during a heatwave and it stayed cooler than any blanket I owned.",personal_experience
"My office AC died once and I spent the afternoon with my wrists pressed against a chilled metal water bottle between emails.",personal_experience
"Camping in August taught me that a damp cotton scarf plus shade can feel like a private weather system.",personal_experience
"I used gel packs from a lunchbox under my knees after night shifts and it helped me fall asleep fast.",personal_experience
"I once put my socks in the freezer before a wedding reception and honestly it saved the dance floor for me.",personal_experience
"My dad kept a spray bottle in the garage fridge and misted his arms before every round of yard work.",personal_experience
"When our dorm had no AC I kept a shallow pan of cold water under the desk and dipped my feet during study sessions.",personal_experience
"I tried the frozen bottle trick while sewing costumes and discovered that cooling my lap made the whole room less miserable.",personal_experience
"During a summer power outage I wrapped an ice pack in a dish towel and used it like a steering wheel while waiting in the car.",personal_experience
"I had a migraine cap in the freezer and accidentally discovered it doubles as a heatwave sleep helmet.",personal_experience
"My warehouse job had one fan for six people so I kept a wet towel tucked under my collar for entire shifts.",personal_experience
"I once froze a thin book-shaped water pouch and slid it behind my lower back during a long bus ride.",personal_experience
"In my first apartment I taped foil to the sunny window and the room stopped feeling like a toaster by sunset.",personal_experience
"I brought frozen grapes to an outdoor graduation and ended up using the bag on my wrists before eating them.",personal_experience
"At this point my freezer has more emotional support bottles than food.",joke
"The weather app said feels like 102 so I said not if I can help it and put myself on ice.",joke
"My summer body is just me wrapped around a frozen sports drink like a dramatic movie prop.",joke
"If anyone asks why there is a sock in the freezer I am telling them it is enrolled in cryotherapy.",joke
"The fan is not cooling the room but it is doing an excellent impression of a dragon with allergies.",joke
"I put ice packs in my pockets and suddenly understood why cargo shorts were invented.",joke
"My AC has two settings now off and financially threatening.",joke
"Nothing builds character like arguing with a thermostat that is technically just a wall clock with opinions.",joke
"I call my frozen bottle setup the budget spa because it is cold uncomfortable and somehow still my fault.",joke
"The cool side of the pillow deserves its own national monument.",joke
"I tried to dress for the heat and ended up dressed like a salad spinner.",joke
"My freezer saw me coming with another water bottle and sighed in appliance.",joke
"If sweating were a subscription service I would like to cancel before the next billing cycle.",joke
"The house is so hot the ceiling fan is just stirring the soup.",joke
"My ice pack and I are in a committed relationship until October.",joke
"I am not saying the heat made me dramatic but I did apologize to the refrigerator for opening it too often.",joke
"Putting a cold bottle behind my knees made me believe in science and furniture negotiations.",joke
"Every summer I become a person negotiating rent with one square foot of shade.",joke
"If my neighbors see me hugging a frozen jug on the porch I hope they respect my relationship.",joke
"The emergency plan is simple hydrate ventilate and complain with precision.",joke
"My cooling strategy is mostly physics plus a concerning amount of laundry.",joke
"I put a cold pack on my neck and briefly unlocked the premium version of having a body.",joke
"The heat index said stay indoors and my indoor air said counteroffer.",joke
